refresh_ms,mode,languages,words_timed,delay_mean_s,delay_p95_s,delay_max_s,browser_cpu_pct_of_one_core,runs
500,caption,0,342,1.2954675321523208,1.86089990234375,2.080699951171875,4.373717948717949,3
500,translation,1,342,1.5195481863635325,2.255800048828125,2.490800048828125,21.260256410256407,3
500,translation,3,342,1.5807993942171508,2.348300048828125,2.708699951171875,24.97564102564103,3
500,translation,5,338,1.7642955163357523,2.3665,2.55439990234375,24.674358974358977,3
250,caption,0,342,0.9250973899796694,1.48489990234375,1.5615,5.888461538461538,3
250,translation,1,342,1.0853175120214271,1.6412998046875,1.816300048828125,24.203205128205134,3
250,translation,3,346,1.064726005774702,1.663,1.956699951171875,32.44423076923077,3
250,translation,5,342,1.1959825275264984,1.683900146484375,1.81810009765625,28.357051282051284,3
100,caption,0,342,0.6856415059050621,1.250300048828125,1.365300048828125,10.844871794871795,3
100,translation,1,342,0.776945937128792,1.338199951171875,1.4537998046875,31.242307692307687,3
100,translation,3,342,0.835377230103253,1.367300048828125,1.547300048828125,40.07948717948718,3
100,translation,5,346,0.8945045582324785,1.37939990234375,1.5827998046875,36.79358974358974,3
