poll_ms,regime,languages,rep,excluded_background_load,word_delay_mean_s,word_delay_p50_s,word_delay_p95_s,word_delay_max_s,words,call_ms_mean,call_ms_p95,process_cpu_pct,process_peak_mb,errors
500,continuous,1,1,False,0.30611912638346367,0.35763330078125,0.53439990234375,0.538,120,24.79461473034274,34.2001953125,14.942499999999992,1317.515625,0
500,continuous,2,1,False,0.27547123448988986,0.218766845703125,0.537300048828125,0.552800048828125,238,28.271514564432124,50.39990234375,13.145,1218.3125,0
500,continuous,3,1,False,0.24513982761073178,0.22186669921875,0.529800048828125,0.57610009765625,357,38.60430492551523,65.7001953125,12.907499999999999,1302.375,0
500,continuous,4,1,False,0.21961683411157437,0.219166748046875,0.410933349609375,0.428033447265625,476,46.484943348874324,78.7998046875,12.657499999999999,1357.890625,0
500,continuous,5,1,False,0.28443758739824054,0.250466796875,0.563900146484375,0.604,595,53.429889637936824,91.199951171875,12.99,1403.625,0
500,pause2,1,1,False,0.21857614650974033,0.20136669921875,0.394833251953125,0.537300048828125,77,22.13692157451923,34.5,15.587499999999997,1073.640625,0
500,pause2,2,1,False,0.2590033719942167,0.213966552734375,0.5307998046875,0.5472998046875,154,26.39615948016827,48.199951171875,14.265,1155.171875,0
500,pause2,3,1,False,0.23034593669676665,0.21456689453125,0.4132333984375,0.562800048828125,231,35.47129156650641,62.89990234375,15.327499999999997,1236.21875,0
500,pause2,4,1,False,0.2657850650935979,0.23206689453125,0.5502001953125,0.59,308,40.73960899939904,76,13.9175,1323.890625,0
500,pause2,5,1,False,0.253034377536526,0.235666748046875,0.525699951171875,0.608800048828125,385,51.41508112980769,90.800048828125,15.119999999999996,1398.96875,0
500,continuous,1,2,False,0.21661740907300417,0.200466796875,0.39863330078125,0.53510009765625,119,21.430110152049732,32.199951171875,15.672500000000003,1089.546875,0
500,continuous,2,2,False,0.2261031801880908,0.204966796875,0.41113330078125,0.53610009765625,238,25.698385259156588,49.10009765625,15.007500000000002,1171.296875,0
500,continuous,3,2,False,0.23391400231967777,0.216966796875,0.413433349609375,0.57089990234375,357,38.493550837253586,63.39990234375,15.112500000000002,1248.96875,0
500,continuous,4,2,False,0.2548732987091319,0.23236669921875,0.536400146484375,0.587300048828125,476,47.8967777375252,80.2001953125,15.002499999999994,1337.1875,0
500,continuous,5,2,False,0.29373804039193796,0.254466796875,0.56410009765625,0.59639990234375,595,50.74667128696237,89.39990234375,13.497499999999997,1416.875,0
500,pause2,1,2,False,0.28825255095653035,0.357233154296875,0.5345,0.5385,78,24.370766977163463,34.89990234375,11.349999999999998,1085.75,0
500,pause2,2,2,False,0.21783647809709827,0.205166748046875,0.40793310546875,0.54889990234375,154,29.563082181490383,50,15.229999999999999,1163.9375,0
500,pause2,3,2,False,0.24143665802784472,0.218466552734375,0.425733154296875,0.57039990234375,234,37.58938012941919,64.699951171875,11.765000000000002,1239.609375,0
500,pause2,4,2,False,0.25524363982371806,0.232166748046875,0.53560009765625,0.581800048828125,312,43.51308781550481,77.60009765625,15.569999999999999,1327.984375,0
500,pause2,5,2,False,0.23867801085633095,0.23186669921875,0.427833251953125,0.606699951171875,385,51.96737830528846,89.800048828125,15.840000000000012,1404.5625,0
500,continuous,1,3,False,0.22644519761029414,0.199466796875,0.397933349609375,0.539400146484375,119,19.168819304435484,33.10009765625,15.632500000000002,1093.84375,0
500,continuous,2,3,False,0.2696588022867839,0.217766845703125,0.53960009765625,0.557800048828125,240,30.152169176327284,49.800048828125,14.692499999999995,1171.546875,0
500,continuous,3,3,False,0.27742778703278165,0.23186669921875,0.552400146484375,0.57560009765625,357,39.653042044690864,64.39990234375,14.937500000000004,1250.453125,0
500,continuous,4,3,False,0.2801224088268119,0.24136669921875,0.556,0.586800048828125,476,45.56397534442204,76.60009765625,14.809999999999999,1335.203125,0
500,continuous,5,3,False,0.2438772042410711,0.226066650390625,0.442933349609375,0.592300048828125,595,47.04365969422043,87.199951171875,12.805000000000003,1416.65625,0
500,pause2,1,3,False,0.23009230393629812,0.20186669921875,0.401733154296875,0.535800048828125,78,22.607703575721153,35.39990234375,14.930000000000003,1076.15625,0
500,pause2,2,3,False,0.2270340338372565,0.20606689453125,0.411533203125,0.555400146484375,154,27.707675405649038,49.300048828125,14.235000000000003,1156.078125,0
500,pause2,3,3,False,0.25351418728298614,0.22056689453125,0.537300048828125,0.575300048828125,234,37.08667117387821,65,14.634999999999996,1235.65625,0
500,pause2,4,3,False,0.2197191463321836,0.218266845703125,0.412833251953125,0.430833251953125,308,44.11115065354567,77.5,13.4225,1320.234375,0
500,pause2,5,3,False,0.2680553879957931,0.244266845703125,0.5515,0.604800048828125,390,51.05353740985577,89.89990234375,14.147500000000003,1398.078125,0
200,continuous,1,1,False,0.16084677734375008,0.16463330078125,0.235300048828125,0.23860009765625,120,24.88358500466418,33.800048828125,17.470000000000002,1318.671875,0
200,continuous,3,1,False,0.16665116577148437,0.170533203125,0.257699951171875,0.27910009765625,360,35.44899829465952,61.39990234375,14.810000000000002,1338.34375,0
200,continuous,5,1,False,0.16251356486002616,0.167733154296875,0.2755,0.3067998046875,600,47.69283647679571,87.199951171875,15.922500000000003,1453.25,0
200,continuous,1,2,False,0.1288516662597656,0.14613330078125,0.22339990234375,0.2315,120,16.22911322294776,29.60009765625,8.562499999999996,1093.953125,0
200,continuous,3,2,True,0.1756898267957901,0.1732333984375,0.271,0.308400146484375,360,53.13831781036225,104.39990234375,10.684999999999999,1140.203125,0
200,continuous,5,2,False,0.17455805216471354,0.176933349609375,0.280300048828125,0.357900146484375,600,48.65850192397388,90.300048828125,14.39,1341.8125,0
200,continuous,1,3,False,0.1435550435384115,0.1472333984375,0.21810009765625,0.2375,120,13.058214785447761,24.800048828125,6.4174999999999995,1030.46875,0
200,continuous,3,3,True,0.12059050428602441,0.114566650390625,0.215599853515625,0.269533203125,360,44.649256767918224,96.300048828125,9.775,1146.109375,0
200,continuous,5,3,True,0.15303509928385414,0.155033447265625,0.275933349609375,0.376900146484375,600,79.5347710908349,156.39990234375,13.542499999999999,1323.15625,0
